{
    "$schema": "vscode://schemas/color-theme",
    "colors": {
        "activityBar.activeBackground": "#9698d826",
        "activityBar.activeBorder": "#9698d8",
        "activityBar.background": "#13101a",
        "activityBar.border": "#0a080e",
        "activityBar.dropBorder": "#52456f33",
        "activityBar.foreground": "#9698d8",
        "activityBar.inactiveForeground": "#4d465f",
        "activityBarBadge.background": "#9698d8",
        "activityBarBadge.foreground": "#13101a",
        "activityBarTop.activeBorder": "#9698d8",
        "activityBarTop.dropBorder": "#52456f33",
        "activityBarTop.foreground": "#9698d8",
        "activityBarTop.inactiveForeground": "#474252",
        "badge.background": "#9698d8",
        "badge.foreground": "#13101a",
        "breadcrumb.background": "#181421",
        "breadcrumbPicker.background": "#241e31",
        "button.background": "#9698d880",
        "button.border": "#ffffff26",
        "button.foreground": "#e8e8f6",
        "button.hoverBackground": "#9698d899",
        "button.secondaryBackground": "#282137",
        "button.secondaryForeground": "#c8c1d9cc",
        "button.secondaryHoverBackground": "#2f2741",
        "button.separator": "#2f2741",
        "charts.blue": "#69C3FF",
        "charts.foreground": "#c8c1d9",
        "charts.green": "#3CEC85",
        "charts.lines": "#c8c1d9",
        "charts.orange": "#FF955C",
        "charts.purple": "#F38CEC",
        "charts.red": "#E35535",
        "charts.yellow": "#EACD61",
        "checkbox.foreground": "#c8c1d9",
        "commandCenter.activeBackground": "#241e3160",
        "commandCenter.activeForeground": "#ada2c590",
        "commandCenter.background": "#181421",
        "commandCenter.border": "#0a080e",
        "commandCenter.foreground": "#52456f",
        "contrastActiveBorder": "#00000000",
        "contrastBorder": "#00000000",
        "debugConsole.errorForeground": "#E35535",
        "debugConsole.infoForeground": "#69C3FF",
        "debugConsole.warningForeground": "#FF955C",
        "debugExceptionWidget.background": "#241e31",
        "debugExceptionWidget.border": "#0a080e",
        "debugIcon.breakpointCurrentStackframeForeground": "#E35535",
        "debugIcon.breakpointDisabledForeground": "#e3553580",
        "debugIcon.breakpointForeground": "#E35535",
        "debugIcon.continueForeground": "#69C3FF",
        "debugIcon.disconnectForeground": "#E35535",
        "debugIcon.pauseForeground": "#E35535",
        "debugIcon.restartForeground": "#3CEC85",
        "debugIcon.startForeground": "#3CEC85",
        "debugIcon.stepBackForeground": "#69C3FF",
        "debugIcon.stepIntoForeground": "#69C3FF",
        "debugIcon.stepOutForeground": "#69C3FF",
        "debugIcon.stepOverForeground": "#69C3FF",
        "debugIcon.stopForeground": "#E35535",
        "debugToolBar.background": "#231f30",
        "descriptionForeground": "#c8c1d980",
        "diffEditor.border": "#0a080e",
        "diffEditor.diagonalFill": "#241e31",
        "diffEditor.insertedLineBackground": "#3cec851a",
        "diffEditor.insertedTextBackground": "#3cec8526",
        "diffEditor.insertedTextBorder": "#00000000",
        "diffEditor.move.border": "#eacd614d",
        "diffEditor.moveActive.border": "#eacd61b3",
        "diffEditor.removedLineBackground": "#e355351a",
        "diffEditor.removedTextBackground": "#e3553526",
        "diffEditor.removedTextBorder": "#00000000",
        "diffEditorGutter.insertedLineBackground": "#00000000",
        "diffEditorGutter.removedLineBackground": "#00000000",
        "diffEditorOverview.insertedForeground": "#3CEC8525",
        "diffEditorOverview.removedForeground": "#E3553530",
        "disabledForeground": "#c8c1d94d",
        "dropdown.background": "#1e1929",
        "dropdown.border": "#3c344d",
        "dropdown.foreground": "#c8c1d9",
        "dropdown.listBackground": "#1e1929",
        "editor.background": "#181421",
        "editor.findMatchBackground": "#9698d830",
        "editor.findMatchBorder": "#9698d860",
        "editor.findMatchHighlightBackground": "#9698d83d",
        "editor.findMatchHighlightBorder": "#9698d85c",
        "editor.foldBackground": "#00000033",
        "editor.foldPlaceholderForeground": "#52456f",
        "editor.foreground": "#c8c1d9",
        "editor.hoverHighlightBackground": "#9698d84d",
        "editor.inactiveSelectionBackground": "#9698d84d",
        "editor.lineHighlightBackground": "#9698d80f",
        "editor.lineHighlightBorder": "#9698d826",
        "editor.linkedEditingBackground": "#69c3ff33",
        "editor.rangeHighlightBackground": "#9698d83d",
        "editor.selectionBackground": "#9698d84d",
        "editor.selectionForeground": "#c8c1d9",
        "editor.selectionHighlightBackground": "#9698d815",
        "editor.selectionHighlightBorder": "#9698d84d",
        "editor.wordHighlightBackground": "#9698d873",
        "editor.wordHighlightBorder": "#9698d88a",
        "editor.wordHighlightStrongBackground": "#9698d84d",
        "editorBracketHighlight.foreground1": "#EACD61",
        "editorBracketHighlight.foreground2": "#F38CEC",
        "editorBracketHighlight.foreground3": "#69C3FF",
        "editorBracketHighlight.foreground4": "#B78AFF",
        "editorBracketHighlight.foreground5": "#22ECDB",
        "editorBracketHighlight.foreground6": "#FF738A",
        "editorBracketHighlight.unexpectedBracket.foreground": "#E35535",
        "editorBracketMatch.background": "#9698d84d",
        "editorBracketMatch.border": "#9698d873",
        "editorCodeLens.foreground": "#ada2c580",
        "editorCursor.background": "#9698d8",
        "editorCursor.foreground": "#EACD61",
        "editorError.border": "#00000000",
        "editorError.foreground": "#E35535",
        "editorGhostText.border": "#00000000",
        "editorGhostText.foreground": "#c8c1d970",
        "editorGroup.border": "#0a080e",
        "editorGroup.dropBackground": "#9698d815",
        "editorGroupHeader.border": "#00000000",
        "editorGroupHeader.noTabsBackground": "#181421",
        "editorGroupHeader.tabsBackground": "#13101a",
        "editorGroupHeader.tabsBorder": "#0a080e",
        "editorGutter.addedBackground": "#3CEC85cc",
        "editorGutter.background": "#181421",
        "editorGutter.commentRangeForeground": "#241e31",
        "editorGutter.deletedBackground": "#E35535cc",
        "editorGutter.modifiedBackground": "#69C3FFcc",
        "editorHoverWidget.background": "#241e31",
        "editorHoverWidget.border": "#0a080e",
        "editorIndentGuide.activeBackground1": "#52456fcc",
        "editorIndentGuide.background1": "#52456f33",
        "editorInfo.border": "#00000000",
        "editorInlayHint.background": "#ada2c520",
        "editorInlayHint.foreground": "#ada2c590",
        "editorInlayHint.typeBackground": "#B78AFF30",
        "editorInlayHint.typeForeground": "#B78AFFaa",
        "editorLineNumber.activeForeground": "#9284aa",
        "editorLineNumber.foreground": "#3d364d",
        "editorLink.activeForeground": "#c8c1d9",
        "editorMarkerNavigation.background": "#13101a",
        "editorMarkerNavigationError.background": "#E3553590",
        "editorMarkerNavigationInfo.background": "#69C3FF90",
        "editorMarkerNavigationWarning.background": "#FF955C90",
        "editorOverviewRuler.addedForeground": "#3cec8580",
        "editorOverviewRuler.border": "#0a080e",
        "editorOverviewRuler.deletedForeground": "#e3553580",
        "editorOverviewRuler.errorForeground": "#E35535",
        "editorOverviewRuler.incomingContentForeground": "#3cec8580",
        "editorOverviewRuler.infoForeground": "#69c3ff80",
        "editorOverviewRuler.modifiedForeground": "#69c3ff80",
        "editorOverviewRuler.selectionHighlightForeground": "#9698d880",
        "editorOverviewRuler.warningForeground": "#FF955C",
        "editorRuler.foreground": "#52456f33",
        "editorStickyScroll.shadow": "#00000066",
        "editorStickyScrollHover.background": "#1f1a2b",
        "editorSuggestWidget.background": "#1d1827",
        "editorSuggestWidget.border": "#0a080e",
        "editorSuggestWidget.foreground": "#ada2c5",
        "editorSuggestWidget.highlightForeground": "#EACD61",
        "editorSuggestWidget.selectedBackground": "#2f2741",
        "editorSuggestWidget.selectedIconForeground": "#c8c1d9",
        "editorUnnecessaryCode.border": "#00000000",
        "editorUnnecessaryCode.opacity": "#000000aa",
        "editorWarning.border": "#00000000",
        "editorWarning.foreground": "#EACD61",
        "editorWhitespace.foreground": "#52456f60",
        "editorWidget.background": "#241e31",
        "editorWidget.border": "#2f2741",
        "editorWidget.resizeBorder": "#9698d850",
        "errorForeground": "#E35535",
        
        "extensionButton.background": "#9698d880",
        "extensionButton.foreground": "#e8e8f6",
        "extensionButton.hoverBackground": "#9698d899",
        "extensionButton.prominentBackground": "#9698d89d",
        "extensionButton.prominentForeground": "#c8c1d9",
        "extensionButton.prominentHoverBackground": "#9698d8",
        "focusBorder": "#463a61",
        "foreground": "#ada2c5",
        "gitDecoration.conflictingResourceForeground": "#9698d8",
        "gitDecoration.deletedResourceForeground": "#E35535",
        "gitDecoration.ignoredResourceForeground": "#52456f",
        "gitDecoration.modifiedResourceForeground": "#69C3FF",
        "gitDecoration.untrackedResourceForeground": "#3CEC85",
        "icon.foreground": "#ada2c5AA",
        "inlineChat.background": "#241e31",
        "inlineChat.border": "#2f2741",
        "inlineChatInput.background": "#1d1827",
        "inlineChatInput.border": "#2f2741",
        "inlineChatInput.focusBorder": "#463a61",
        "input.background": "#1e1929",
        "input.border": "#3c344d",
        "input.foreground": "#c8c1d9",
        "input.placeholderForeground": "#5f537b",
        "inputOption.activeBackground": "#5d4e80",
        "inputOption.activeBorder": "#00000000",
        "inputOption.activeForeground": "#c8c1d9",
        "inputOption.hoverBackground": "#2f2741",
        "inputValidation.errorBackground": "#241e31",
        "inputValidation.errorBorder": "#EACD61",
        "inputValidation.infoBackground": "#241e31",
        "inputValidation.infoBorder": "#9698d8",
        "inputValidation.warningBackground": "#241e31",
        "inputValidation.warningBorder": "#EACD61",
        "keybindingLabel.background": "#241e31",
        "keybindingLabel.border": "#564e67",
        "keybindingLabel.bottomBorder": "#564e67",
        "keybindingLabel.foreground": "#887e9d",
        "list.activeSelectionBackground": "#3b315173",
        "list.activeSelectionForeground": "#c8c1d9",
        "list.dropBackground": "#9698d815",
        "list.errorForeground": "#E35535",
        "list.focusBackground": "#9698d840",
        "list.focusForeground": "#ada2c5",
        "list.highlightForeground": "#EACD61",
        "list.hoverBackground": "#30284133",
        "list.hoverForeground": "#d8d5df",
        "list.inactiveSelectionBackground": "#3b315140",
        "list.inactiveSelectionForeground": "#c8c1d9",
        "list.warningForeground": "#FF955C",
        "menu.background": "#241e31",
        "menu.border": "#0a080e",
        "menu.foreground": "#a29bb3",
        "menu.selectionForeground": "#f3f2f5",
        "menu.separatorBackground": "#0a080e65",
        "menubar.selectionBackground": "#241e31",
        "menubar.selectionForeground": "#ada2c5",
        "merge.border": "#0a080e",
        "merge.commonContentBackground": "#EACD6130",
        "merge.commonHeaderBackground": "#EACD6180",
        "merge.currentContentBackground": "#3CEC8530",
        "merge.currentHeaderBackground": "#3CEC8580",
        "merge.incomingContentBackground": "#69C3FF30",
        "merge.incomingHeaderBackground": "#69C3FF80",
        "minimap.background": "#181421",
        "minimap.errorHighlight": "#E35535",
        "minimap.findMatchHighlight": "#9698d8d4",
        "minimap.selectionHighlight": "#9698d8a7",
        "minimap.selectionOccurrenceHighlight": "#9698d8b5",
        "minimap.warningHighlight": "#FF955C",
        "minimapGutter.addedBackground": "#3CEC85",
        "minimapGutter.deletedBackground": "#E35535",
        "minimapGutter.modifiedBackground": "#69C3FF",
        "notificationCenterHeader.background": "#241e31",
        "notificationCenterHeader.foreground": "#c8c1d9",
        "notificationLink.foreground": "#EACD61",
        "notifications.background": "#241e31",
        "notifications.border": "#0a080e",
        "notifications.foreground": "#ada2c5",
        "notificationsErrorIcon.foreground": "#E35535",
        "notificationsInfoIcon.foreground": "#69C3FF",
        "notificationsWarningIcon.foreground": "#FF955C",
        "panel.background": "#16121d",
        "panel.border": "#0a080e",
        "panel.dropBorder": "#52456f80",
        "panelInput.border": "#2f2741",
        "panelSection.border": "#0a080e",
        "panelSectionHeader.background": "#1d1826",
        "panelSectionHeader.border": "#0a080e",
        "panelSectionHeader.foreground": "#c8c1d9",
        "panelTitle.activeBorder": "#9698d8",
        "panelTitle.activeForeground": "#9698d8",
        "panelTitle.inactiveForeground": "#52456f",
        "peekView.border": "#0a080e",
        "peekViewEditor.background": "#211c2e",
        "peekViewEditor.matchHighlightBackground": "#241e3140",
        "peekViewEditor.matchHighlightBorder": "#00000000",
        "peekViewEditorGutter.background": "#211c2e",
        "peekViewEditorStickyScroll.background": "#1f1a2b",
        "peekViewResult.background": "#1e1929",
        "peekViewResult.fileForeground": "#c8c1d9",
        "peekViewResult.lineForeground": "#ada2c5",
        "peekViewResult.matchHighlightBackground": "#9698d880",
        "peekViewResult.selectionBackground": "#9698d833",
        "peekViewResult.selectionForeground": "#c8c1d9",
        "peekViewTitle.background": "#241e31",
        "peekViewTitleDescription.foreground": "#c8c1d9",
        "peekViewTitleLabel.foreground": "#c8c1d9",
        "pickerGroup.border": "#0a080e",
        "pickerGroup.foreground": "#c8c1d9",
        "profileBadge.background": "#9698d8",
        "profileBadge.foreground": "#181421",
        "progressBar.background": "#EACD61",
        "quickInput.background": "#1f1a2b",
        "quickInput.foreground": "#c8c1d9b3",
        "quickInputList.focusBackground": "#52457073",
        "quickInputList.focusForeground": "#f3f2f5",
        "quickInputList.focusIconForeground": "#52456f",
        "quickInputTitle.background": "#13101a",
        "sash.hoverBorder": "#9698d850",
        "scrollbar.shadow": "#00000066",
        "scrollbarSlider.activeBackground": "#c8c1d94d",
        "scrollbarSlider.background": "#c8c1d926",
        "scrollbarSlider.hoverBackground": "#c8c1d933",
        "selection.background": "#9698d860",
        "settings.headerForeground": "#9698d8",
        "settings.modifiedItemIndicator": "#9698d8",
        "sideBar.background": "#13101a",
        "sideBar.border": "#0a080e",
        "sideBar.foreground": "#ada2c5CC",
        "sideBarSectionHeader.background": "#13101a",
        "sideBarSectionHeader.border": "#0a080e",
        "sideBarSectionHeader.foreground": "#c8c1d9",
        "sideBarStickyScroll.background": "#0e0c14",
        "sideBarStickyScroll.shadow": "#00000066",
        "sideBarTitle.foreground": "#52456f",
        "statusBar.background": "#181421",
        "statusBar.border": "#0a080e",
        "statusBar.debuggingBackground": "#2e2b41",
        "statusBar.debuggingForeground": "#9a91ce",
        "statusBar.foreground": "#ada2c580",
        "statusBar.noFolderBackground": "#13101a",
        "statusBar.noFolderBorder": "#0a080e",
        "statusBar.noFolderForeground": "#ada2c5cc",
        "statusBarItem.activeBackground": "#241e31",
        "statusBarItem.compactHoverBackground": "#9698d8cc",
        "statusBarItem.errorBackground": "#e35535",
        "statusBarItem.errorForeground": "#160703",
        "statusBarItem.errorHoverBackground": "#e6684b",
        "statusBarItem.errorHoverForeground": "#181421",
        "statusBarItem.hoverBackground": "#464464",
        "statusBarItem.hoverForeground": "#c8c1d9",
        "statusBarItem.offlineBackground": "#f38cec",
        "statusBarItem.offlineForeground": "#740c6d",
        "statusBarItem.offlineHoverBackground": "#f5a3f0",
        "statusBarItem.prominentBackground": "#2f2741",
        "statusBarItem.prominentForeground": "#c8c1d9",
        "statusBarItem.prominentHoverBackground": "#463a61",
        "statusBarItem.remoteBackground": "#22ecdb",
        "statusBarItem.remoteForeground": "#010e0d",
        "statusBarItem.remoteHoverBackground": "#39eedf",
        "statusBarItem.remoteHoverForeground": "#181421",
        "statusBarItem.warningBackground": "#ff955c",
        "statusBarItem.warningForeground": "#5c2000",
        "statusBarItem.warningHoverBackground": "#ffa676",
        "statusBarItem.warningHoverForeground": "#181421",
        "tab.activeBackground": "#181421",
        "tab.activeBorder": "#181421",
        "tab.activeBorderTop": "#9698d8",
        "tab.activeForeground": "#9698d8",
        "tab.border": "#0a080e",
        "tab.hoverBackground": "#181421",
        "tab.inactiveBackground": "#13101a",
        "tab.inactiveForeground": "#52456f",
        "tab.lastPinnedBorder": "#0a080e",
        "tab.unfocusedActiveBorder": "#181421",
        "tab.unfocusedActiveForeground": "#9698d8",
        "tab.unfocusedHoverBackground": "#181421",
        "tab.unfocusedInactiveForeground": "#52456f",
        "terminal.ansiBlack": "#181421",
        "terminal.ansiBlue": "#69C3FF",
        "terminal.ansiBrightBlack": "#46395c",
        "terminal.ansiBrightBlue": "#69c3ff",
        "terminal.ansiBrightCyan": "#0fffeb",
        "terminal.ansiBrightGreen": "#29ff82",
        "terminal.ansiBrightMagenta": "#ff80f6",
        "terminal.ansiBrightRed": "#ff4319",
        "terminal.ansiBrightWhite": "#ffffff",
        "terminal.ansiBrightYellow": "#ffd94c",
        "terminal.ansiCyan": "#22ECDB",
        "terminal.ansiGreen": "#3CEC85",
        "terminal.ansiMagenta": "#F38CEC",
        "terminal.ansiRed": "#E35535",
        "terminal.ansiWhite": "#c8c1d9",
        "terminal.ansiYellow": "#EACD61",
        "terminal.background": "#16121d",
        "terminal.foreground": "#c8c1d9",
        "terminal.selectionForeground": "#c8c1d9",
        "terminalCursor.background": "#181421",
        "terminalCursor.foreground": "#EACD61",
        "terminalStickyScrollHover.background": "#1f1a2b",
        "textBlockQuote.background": "#69C3FF34",
        "textBlockQuote.border": "#69C3FFb9",
        "textCodeBlock.background": "#69C3FF34",
        "textLink.activeForeground": "#69C3FF",
        "textLink.foreground": "#69C3FF",
        "textPreformat.background": "#3d332f",
        "textPreformat.foreground": "#EACD61",
        "textSeparator.foreground": "#9698d8",
        "titleBar.activeBackground": "#0f0c14",
        "titleBar.activeForeground": "#52456f",
        "titleBar.border": "#0a080e",
        "titleBar.inactiveBackground": "#0f0c14",
        "titleBar.inactiveForeground": "#52456f",
        "toolbar.hoverBackground": "#52456f60",
        "tree.indentGuidesStroke": "#52456f70",
        "walkThrough.embeddedEditorBackground": "#181421",
        "welcomePage.progress.background": "#241e31",
        "welcomePage.progress.foreground": "#9698d8",
        "welcomePage.tileBackground": "#ada2c510",
        "welcomePage.tileBorder": "#ada2c520",
        "welcomePage.tileHoverBackground": "#ada2c520",
        "widget.shadow": "#00000033"
    },
    "name": "BeardedTheme Arc-eggplant",
    "semanticHighlighting": true,
    "semanticTokenColors": {
        "class.declaration": {
            "foreground": "#B78AFF"
        },
        "class.decorator": {
            "foreground": "#F38CEC"
        },
        "enumMember": {
            "foreground": "#B78AFF"
        },
        "meta.decorator": {
            "foreground": "#F38CEC"
        },
        "namespace": {
            "foreground": "#69C3FF"
        },
        "parameter": {
            "foreground": "#F38CEC"
        },
        "property": {
            "foreground": "#FF955C"
        },
        "property.declaration": {
            "foreground": "#c8c1d9"
        },
        "variable": {
            "foreground": "#FF738A"
        },
        "variable.defaultLibrary": {
            "foreground": "#22ECDB"
        }
    },
    "tokenColors": [
        {
            "scope": [
                "support.module.elm",
                "entity.other.inherited-class.python",
                "variable.other.object",
                "support.other.namespace.php",
                "entity.other.attribute-name.namespace.xml",
                "record.accessor",
                "entity.name.record.field.accessor",
                "storage.modifier.import.java",
                "storage.modifier.import.groovy",
                "meta.import.swift entity.name.type.swift",
                "meta.member.access.python",
                "variable.other.property.ts",
                "variable.other.property.js",
                "constant.language.symbol.elixir",
                "punctuation.tag.liquid support.class.liquid",
                "meta.scriptblock.powershell meta.group.simple.subexpression.powershell meta.group.simple.subexpression.powershell meta.scriptblock.powershell meta.scriptblock.powershell support.variable.automatic.powershell punctuation.definition.variable.powershell",
                "meta.scriptblock.powershell meta.group.simple.subexpression.powershell meta.group.simple.subexpression.powershell meta.scriptblock.powershell meta.scriptblock.powershell support.variable.automatic.powershell",
                "source.cpp meta.block.class.cpp meta.body.class.cpp",
                "source.cpp meta.block.class.cpp meta.body.class.cpp meta.function.definition.special.constructor.cpp meta.body.function.definition.special.constructor.cpp"
            ],
            "settings": {
                "foreground": "#FF955C"
            }
        },
        {
            "scope": [
                "entity.name.type"
            ],
            "settings": {
                "foreground": "#A4EF58"
            }
        },
        {
            "scope": [
                "comment",
                "punctuation.definition.comment",
                "string.quoted.docstring.multi",
                "comment.block.documentation source"
            ],
            "settings": {
                "fontStyle": "italic",
                "foreground": "#c5bae159"
            }
        },
        {
            "scope": [
                "constant",
                "support.constant.core.php"
            ],
            "settings": {
                "foreground": "#E35535"
            }
        },
        {
            "scope": [
                "meta.section.struct.go variable.other.field.go",
                "meta.section.struct.go variable.other.declaration.go",
                "source",
                "support",
                "constant.character.entity.named",
                "meta.jsx.children",
                "source.lua",
                "text.html.derivative",
                "source.graphql meta.selections variable.other.alias.graphql",
                "source.graphql meta.type.interface.graphql meta.type.object.graphql variable.graphql",
                "source.graphql variable.arguments.graphql",
                "JSXNested"
            ],
            "settings": {
                "foreground": "#ada2c5"
            }
        },
        {
            "scope": [
                "entity.name.function.decorator",
                "meta.decorator entity.name.function",
                "meta.decorator punctuation.decorator",
                "punctuation.definition.decorator",
                "meta.decorator variable.other.readwrite.ts",
                "variable.parameter.gdscript",
                "entity.name.variable.parameter",
                "variable.parameter"
            ],
            "settings": {
                "foreground": "#F38CEC"
            }
        },
        {
            "scope": [
                "keyword.control.export",
                "support.type.object.module"
            ],
            "settings": {
                "foreground": "#EACD61"
            }
        },
        {
            "scope": [
                "support.function",
                "entity.name.function",
                "meta.function-call",
                "meta.function",
                "meta.method.declaration",
                "meta.function-call support",
                "variable.language.super.ts",
                "source.directive",
                "meta.function-call.generic",
                "meta.method-call.static.php",
                "meta.method-call.php",
                "meta.class storage.type",
                "meta.method.groovy",
                "meta.bracket.square.access",
                "entity.name.function-call.elixir",
                "punctuation.output.liquid support.variable.liquid",
                "meta.function.echo.edge source.js keyword.operator.error-control.js",
                "entity.name.type.variant.gdscript",
                "entity.name.function.powershell"
            ],
            "settings": {
                "foreground": "#69C3FF"
            }
        },
        {
            "scope": [
                "keyword.control.import",
                "meta.module.name.elm support",
                "meta.import.elm support",
                "keyword.control.at-rule",
                "punctuation.definition.keyword",
                "variable.control.import.include",
                "keyword.other.import.java"
            ],
            "settings": {
                "foreground": "#EACD61"
            }
        },
        {
            "scope": [
                "keyword.package.go",
                "keyword.operator.pointer.go",
                "keyword.control",
                "keyword.control.conditional",
                "storage.modifier",
                "keyword.operator.new",
                "keyword.operator.expression",
                "keyword.begin.blade",
                "keyword.end.blade",
                "keyword.blade",
                "keyword.type-alias",
                "keyword.type",
                "support.class.console",
                "keyword.other.await",
                "storage.type.class.jsdoc",
                "punctuation.definition.block.tag.jsdoc",
                "keyword.other.new",
                "keyword.other.phpdoc",
                "keyword.other.use.php",
                "keyword.operator.logical.python",
                "keyword.other.import.static.groovy",
                "keyword.other.import.groovy",
                "punctuation.definition.attribute.swift",
                "source.svelte meta.scope.tag.main.svelte meta.tag.start.svelte variable.function.svelte",
                "meta.directive.on.svelte entity.name.type.svelte",
                "keyword.other.special-method.elixir",
                "keyword.edge",
                "entity.name.function.edge",
                "support.constant.edge",
                "keyword.other.gdscript",
                "keyword.other.onready.gdscript",
                "source.graphql meta.fragment.graphql keyword.on.graphql",
                "source.graphql meta.type.interface.graphql keyword.implements.graphql",
                "source.graphql meta.type.interface.graphql meta.type.object.graphql meta.type.list.graphql keyword.operator.nulltype.graphql",
                "source.graphql meta.variables.graphql keyword.operator.nulltype.graphql",
                "source.graphql meta.type.interface.graphql meta.type.object.graphql keyword.operator.nulltype.graphql",
                "keyword.operator.class.php",
                "keyword.operator.spread.php",
                "keyword.operator.type.php",
                "keyword.operator.increment-decrement.php",
                "keyword.operator.increment-increment.php",
                "punctuation.support.type.property-name.begin.json",
                "punctuation.support.type.property-name.end.json",
                "keyword.operator.string.php",
                "keyword.operator.ternary.php",
                "keyword.operator.variadic.php",
                "keyword.operator.nullable-type.php",
                "keyword.other.use-as.php",
                "keyword.import.go",
                "keyword.operator.address.go",
                "keyword.operator.null-coalescing",
                "keyword.operator.arrow",
                "keyword.struct.go",
                "keyword.operator.liquid",
                "keyword.operator.optional.ts",
                "keyword.cmake",
                "keyword.codetag.notation"
            ],
            "settings": {
                "foreground": "#EACD61"
            }
        },
        {
            "scope": [
                "meta.object-literal.key",
                "variable.object.property"
            ],
            "settings": {
                "foreground": "#c8c1d9"
            }
        },
        {
            "scope": [
                "keyword.other.definition.ini",
                "support.type.property-name",
                "entity.name.tag.yaml"
            ],
            "settings": {
                "foreground": "#EACD61"
            }
        },
        {
            "scope": [
                "keyword.operator.comparison",
                "storage.type.function.arrow",
                "keyword.operator.lua",
                "keyword.operator.assignment",
                "keyword.operator.relational",
                "keyword.operator.increment",
                "keyword.operator.decrement",
                "keyword.operator.logical",
                "keyword.operator.arithmetic",
                "keyword.operator.math"
            ],
            "settings": {
                "foreground": "#EACD61"
            }
        },
        {
            "scope": [
                "punctuation",
                "attribute_value",
                "meta.brace",
                "punctuation.definition.parameters",
                "punctuation.definition.template-expression",
                "keyword.operator",
                "keyword.other",
                "punctuation.terminator",
                "punctuation.separator",
                "punctuation.definition.generic.begin",
                "punctuation.definition.generic.end",
                "meta.function.type-declaration",
                "keyword.other.colon.elm",
                "meta.record.field.elm keyword.other.elm",
                "keyword.other.period.elm",
                "meta.tag.xml",
                "meta.tag.preprocessor.xml",
                "punctuation.definition.block",
                "punctuation.accessor",
                "constant.name.attribute.tag.pug",
                "string.interpolated.pug",
                "keyword.other.whitespace.liquid",
                "meta.tag.template.block.twig",
                "meta.tag.template.value.twig",
                "begin.bracket",
                "end.bracket",
                "text.html.twig meta.tag.inline.any",
                "text.html.twig meta.tag.block.any",
                "support.function.construct.begin.blade",
                "support.function.construct.end.blade source.php",
                "support.function.construct.end.blade",
                "meta.function.echo.blade source.php",
                "punctuation.definition.list.begin.python",
                "punctuation.definition.list.end.python",
                "text.html.vue-html meta.tag.block.any",
                "keyword.operator.assignment.tsx",
                "meta.definition.method.signature.java",
                "meta.class.body.groovy",
                "meta.definition.method.groovy meta.method.body.java meta.declaration.assertion.groovy",
                "punctuation.definition.list.begin.erlang",
                "meta.expression.parenthesized",
                "meta.definition.function.swift meta.parameter-clause.swift",
                "source.swift meta.function-call.swift",
                "punctuation.section.embedded.end.swift source.swift",
                "source.lua",
                "meta.function.lua",
                "punctuation.definition.keyword.svelte",
                "source.svelte meta.scope.tag.SpeakerPicture.svelte meta.tag.start.svelte entity.other.attribute-name.svelte",
                "expression.embbeded.vue punctuation.definition.tag.begin.html.vue",
                "expression.embbeded.vue punctuation.definition.tag.end.html.vue",
                "source.graphql\tmeta.type.interface.graphql meta.type.object.graphql meta.type.list.graphql meta.brace.square.graphql",
                "punctuation.output.liquid",
                "text.html.liquid meta.tag.liquid punctuation.definition.tag.end.liquid",
                "JSXAttrs keyword.operator.assignment.jsx",
                "meta.tag.attributes.js keyword.operator.assignment.js"
            ],
            "settings": {
                "foreground": "#c8c1d960"
            }
        },
        {
            "scope": [
                "entity.name.package.go",
                "variable.language.this",
                "variable.language.special.self",
                "variable.parameter.function.language.special.self",
                "variable.language.this.php punctuation.definition.variable.php",
                "meta.class.body.php storage.type.php",
                "variable.parameter.function.swift entity.name.function.swift",
                "variable.other.jsdoc",
                "support.variable.drive.powershell",
                "entity.other.attribute.lua"
            ],
            "settings": {
                "foreground": "#FF955C"
            }
        },
        {
            "scope": [
                "storage",
                "meta.var.expr storage.type",
                "storage.type.function",
                "keyword.function",
                "storage.type.class",
                "storage.type.property",
                "keyword.other",
                "keyword.local.lua",
                "entity.name.class",
                "meta.function.lua keyword.control.lua",
                "storage.type.enum",
                "storage.type.interface",
                "storage.type.type",
                "entity.name.type.class.java",
                "support.class.php",
                "entity.other.inherited-class.php",
                "entity.name.type.class.groovy",
                "storage.type.rust",
                "entity.name.type.class.swift",
                "source.svelte meta.script.svelte source.ts entity.name.label.ts",
                "meta.directive.on.svelte keyword.control.svelte",
                "storage.type.const.gdscript",
                "storage.type.var.gdscript",
                "source.graphql declaration.meta.type keyword",
                "source.graphql meta.type.interface.graphql keyword.type.graphql",
                "source.graphql keyword.schema.graphql",
                "source.graphql keyword.operation.graphql",
                "source.graphql meta.enum.graphql keyword.enum.graphql",
                "source.graphql meta.fragment.graphql keyword.fragment.graphql",
                "storage.type.trait.php",
                "keyword.type.go",
                "keyword.var.go",
                "storage.type.powershell",
                "keyword.const.go",
                "keyword.storage.modifier"
            ],
            "settings": {
                "foreground": "#22ECDB"
            }
        },
        {
            "scope": [
                "string",
                "string.template",
                "string.quoted.single",
                "punctuation.definition.string",
                "punctuation.definition.string.template",
                "punctuation.definition.string.begin",
                "punctuation.definition.string.end.html source.js-ignored-vscode",
                "punctuation.definition.string.end.html source.js",
                "punctuation.definition.string.end.html.vue",
                "punctuation.definition.string.end.html source.ts",
                "punctuation.definition.string.end.html source.tsx",
                "punctuation.definition.string.end.html source.js.jsx",
                "punctuation.definition.string.end",
                "string.other.link",
                "constant.character.escape.regexp",
                "variable.parameter.url",
                "constant.other.symbol.quoted.single.erlang",
                "constant.other.symbol.quoted.single.erlang punctuation.definition.symbol.begin.erlang",
                "constant.other.symbol.quoted.single.erlang punctuation.definition.symbol.end.erlang",
                "meta.import.ts punctuation.definition.variable.svelte",
                "punctuation.definition.string.end.html source.css-ignored-vscode",
                "text.html.edge punctuation.definition.variable.js",
                "string.unquoted.plain.out.yaml",
                "string.quoted.single.python punctuation.definition.string.begin.python",
                "string.quoted.single.python punctuation.definition.string.end.python",
                "punctuation.definition.string.end.html source.css",
                "string.quoted.double.html source.css"
            ],
            "settings": {
                "foreground": "#3CEC85"
            }
        },
        {
            "scope": [
                "string.quoted.docstring.multi.python",
                "string.quoted.double.block.python punctuation.definition.string.end.python",
                "string.quoted.double.block.python punctuation.definition.string.begin.python",
                "string.quoted.double.block.python",
                "punctuation.definition.string.begin.python",
                "punctuation.definition.string.end.python"
            ],
            "settings": {
                "foreground": "#3CEC8560"
            }
        },
        {
            "scope": [
                "entity.name.type",
                "support.type",
                "support.class",
                "storage.type",
                "entity.other.inherited-class",
                "keyword.type",
                "storage.type.java",
                "storage.type.primitive.java",
                "storage.type.generic.java",
                "keyword.other.type",
                "punctuation.section.embedded.begin.php",
                "punctuation.section.embedded.end.php source.php",
                "punctuation.section.embedded.end.php",
                "storage.type.object.array.java",
                "storage.type.primitive.groovy",
                "storage.type.groovy",
                "meta.definition.type.body.swift meta.function-call.swift",
                "meta.definition.type.class.swift meta.inheritance-clause.swift",
                "variable.other.constant.elixir",
                "source.graphql declaration.meta.type support",
                "source.graphql meta.selections",
                "source.graphql meta.enum.graphql meta.type.object.graphql constant.character.enum.graphql",
                "source.graphql meta.fragment.graphql entity.name.fragment.graphql",
                "entity.name.type.class.php",
                "support.class.php",
                "entity.other.inherited-class.php",
                "entity.other.alias.php",
                "meta.group.simple.subexpression.powershell meta.scriptblock.powershell storage.type.powershell"
            ],
            "settings": {
                "foreground": "#B78AFF"
            }
        },
        {
            "scope": [
                "variable",
                "variable.language",
                "entity.name.type.class.js",
                "entity.name.variable",
                "support.variable.magic",
                "meta.method.body",
                "entity.name.variable",
                "punctuation.definition.variable",
                "meta.class variable.object.property",
                "variable.other.constant entity.name.function",
                "entity.name.variable.tuple-element.cs punctuation.separator.colon.cs",
                "meta.definition.variable.name.groovy",
                "meta.body.struct.cpp",
                "parameter.variable.function.elixir",
                "meta.directive.edge source.js",
                "meta.function.echo.edge source.js",
                "text.html.edge meta.function.echo.edge meta.function-call.js",
                "source.css variable.parameter.keyframe-list.css",
                "source.css meta.property-value.css",
                "source.css.scss meta.at-rule.keyframes.scss entity.name.function.scss",
                "source.css.scss meta.property-value.scss",
                "entity.name.variable.tuple-element",
                "meta.group.simple.subexpression.powershell support.variable.automatic.powershell",
                "support.variable.automatic.powershell",
                "storage.source.cmake",
                "entity.source.cmake"
            ],
            "settings": {
                "foreground": "#FF738A"
            }
        },
        {
            "scope": [
                "source.elm constant.type-constructor"
            ],
            "settings": {
                "foreground": "#FF738A"
            }
        },
        {
            "scope": [
                "source.elm storage.type"
            ],
            "settings": {
                "foreground": "#B78AFF"
            }
        },
        {
            "scope": [
                "entity.name.tag.other.html",
                "entity.name.tag support.class.component",
                "support.class.component.html"
            ],
            "settings": {
                "foreground": "#B78AFF"
            }
        },
        {
            "scope": [
                "source.diff meta.diff.header.to-file",
                "source.diff markup.inserted.diff",
                "source.diff punctuation.definition.to-file.diff",
                "source.diff punctuation.definition.inserted.diff"
            ],
            "settings": {
                "foreground": "#3CEC85"
            }
        },
        {
            "scope": [
                "source.diff punctuation.definition.from-file.diff",
                "source.diff meta.diff.header.from-file",
                "source.diff markup.deleted.diff",
                "source.diff punctuation.definition.deleted.diff"
            ],
            "settings": {
                "foreground": "#E35535"
            }
        },
        {
            "scope": [
                "source.diff meta.diff.header.command"
            ],
            "settings": {
                "foreground": "#69C3FF"
            }
        },
        {
            "scope": [
                "source.diff punctuation.definition.range.diff",
                "source.diff meta.diff.range.unified"
            ],
            "settings": {
                "foreground": "#FF955C"
            }
        },
        {
            "scope": [
                "support.variable.liquid",
                "support.class.liquid"
            ],
            "settings": {
                "foreground": "#FF738A"
            }
        },
        {
            "scope": [
                "text.html.basic entity.name",
                "source.js-ignored-vscode",
                "entity.name.tag",
                "meta.embedded.block.blade constant.other.php",
                "meta.embedded.block.blade keyword.operator.comparison.php",
                "meta.embedded.block.blade keyword.operator.arithmetic.php",
                "meta.tag.start.svelte keyword.control.svelte",
                "meta.tag.end.svelte keyword.control.svelte"
            ],
            "settings": {
                "foreground": "#69C3FF"
            }
        },
        {
            "scope": [
                "meta.tag.sgml.doctype.html",
                "punctuation.definition.tag",
                "meta.tag.block.any",
                "meta.tag.block.any.html",
                "meta.tag.inline.any",
                "source.css-ignored-vscode",
                "meta.tag.metadata.style.end.html",
                "text.html.vue invalid.illegal.character-not-allowed-here.html",
                "meta.tag.inline.i.start.html",
                "meta.tag.structure.div.start.html",
                "punctuation.definition.tag.end.html.vue",
                "invalid.illegal.character-not-allowed-here.html"
            ],
            "settings": {
                "foreground": "#69C3FFaa"
            }
        },
        {
            "scope": [
                "entity.other.attribute-name",
                "entity.name.tag.liquid",
                "invalid.deprecated.entity.other.attribute-name",
                "meta.embedded.block.blade storage.type.php"
            ],
            "settings": {
                "foreground": "#EACD61"
            }
        },
        {
            "scope": [
                "markup.inline.raw.string.markdown",
                "punctuation.definition.raw.markdown",
                "markup.fenced_code.block.markdown",
                "markup.fenced_code.block.markdown punctuation",
                "markup.raw.block.markdown"
            ],
            "settings": {
                "foreground": "#B78AFF"
            }
        },
        {
            "scope": [
                "fenced_code.block.language"
            ],
            "settings": {
                "foreground": "#B78AFF"
            }
        },
        {
            "scope": [
                "punctuation.definition.list.begin"
            ],
            "settings": {
                "foreground": "#69C3FF"
            }
        },
        {
            "scope": [
                "punctuation.definition.list.begin"
            ],
            "settings": {
                "foreground": "#69C3FF"
            }
        },
        {
            "scope": [
                "entity.name.section",
                "markup.heading.setext"
            ],
            "settings": {
                "foreground": "#EACD61"
            }
        },
        {
            "scope": [
                "punctuation.definition.heading"
            ],
            "settings": {
                "foreground": "#EACD61"
            }
        },
        {
            "scope": [
                "markup.underline.link",
                "markup.underline.link.image"
            ],
            "settings": {
                "foreground": "#69C3FF"
            }
        },
        {
            "scope": [
                "markup.bold",
                "punctuation.definition.bold"
            ],
            "settings": {
                "fontStyle": "bold",
                "foreground": "#FF738A"
            }
        },
        {
            "scope": [
                "markup.strikethrough",
                "punctuation.definition.strikethrough"
            ],
            "settings": {
                "foreground": "#E35535"
            }
        },
        {
            "scope": [
                "markup.italic",
                "punctuation.definition.italic"
            ],
            "settings": {
                "fontStyle": "italic",
                "foreground": "#FF955C"
            }
        },
        {
            "scope": [
                "markup.quote",
                "markup.quote.markdown punctuation.definition.quote.begin"
            ],
            "settings": {
                "foreground": "#F38CEC"
            }
        },
        {
            "scope": [
                "punctuation.definition.quote.begin"
            ],
            "settings": {
                "foreground": "#69C3FF"
            }
        },
        {
            "scope": [
                "meta.embedded.block.frontmatter punctuation.definition.tag.begin",
                "meta.embedded.block.frontmatter punctuation.definition.tag.end",
                "meta.embedded.block.frontmatter string.unquoted.plain.out"
            ],
            "settings": {
                "fontStyle": "italic",
                "foreground": "#52456f"
            }
        },
        {
            "scope": [
                "entity.other.attribute-name.pseudo-class"
            ],
            "settings": {
                "foreground": "#F38CEC"
            }
        },
        {
            "scope": [
                "entity.other.attribute-name.pseudo-element"
            ],
            "settings": {
                "foreground": "#F38CEC"
            }
        },
        {
            "scope": [
                "entity.other.attribute-name.class",
                "entity.other.attribute-name.class punctuation.definition.entity"
            ],
            "settings": {
                "foreground": "#22ECDB"
            }
        },
        {
            "scope": [
                "entity.other.attribute-name.parent-selector-suffix punctuation.definition.entity"
            ],
            "settings": {
                "foreground": "#22ECDB"
            }
        },
        {
            "scope": [
                "support.type.property-name.css",
                "support.type.vendored.property-name",
                "meta.property-list entity.name.tag.css",
                "meta.property-list.scss meta.property-list.scss entity.name.tag.css",
                "meta.property-list meta.property-name",
                "source.css.scss meta.property-list.scss entity.name.tag.css"
            ],
            "settings": {
                "foreground": "#c8c1d9"
            }
        },
        {
            "scope": [
                "source.css.scss entity.other.attribute-name.id ",
                "source.css entity.other.attribute-name.id ",
                "entity.other.attribute-name.id punctuation.definition.entity"
            ],
            "settings": {
                "foreground": "#B78AFF"
            }
        },
        {
            "scope": [
                "entity.name.tag.reference",
                "meta.property-list"
            ],
            "settings": {
                "foreground": "#FF955C"
            }
        },
        {
            "scope": [
                "keyword.other.unit"
            ],
            "settings": {
                "foreground": "#FF955C"
            }
        },
        {
            "scope": [
                "support.constant.property-value",
                "support.constant.font-name",
                "meta.property-value.css",
                "meta.attribute.style.html"
            ],
            "settings": {
                "foreground": "#FF955C"
            }
        },
        {
            "scope": [
                "constant.numeric"
            ],
            "settings": {
                "foreground": "#FF955C"
            }
        },
        {
            "scope": [
                "entity.name.tag.css",
                "meta.property-list.scss entity.name.tag.css"
            ],
            "settings": {
                "foreground": "#69C3FF"
            }
        }
    ]
}